<?xml version="1.0" encoding="UTF-8"?>
<project-private xmlns="http://www.netbeans.org/ns/project-private/1">
    <editor-bookmarks xmlns="http://www.netbeans.org/ns/editor-bookmarks/2" lastBookmarkId="0"/>
    <open-files xmlns="http://www.netbeans.org/ns/projectui-open-files/2">
        <group>
            <file>file:/C:/Users/noahw/OneDrive/Dokumenter/NetBeansProjects/Craver-P3--master/web/read.jsp</file>
            <file>file:/C:/Users/noahw/OneDrive/Dokumenter/NetBeansProjects/Craver-P3--master/web/search.jsp</file>
            <file>file:/C:/Users/noahw/OneDrive/Dokumenter/NetBeansProjects/Craver-P3--master/web/index.jsp</file>
            <file>file:/C:/Users/noahw/OneDrive/Dokumenter/NetBeansProjects/Craver-P3--master/web/categories.jsp</file>
            <file>file:/C:/Users/noahw/OneDrive/Dokumenter/NetBeansProjects/Craver-P3--master/src/java/controller/Read.java</file>
            <file>file:/C:/Users/noahw/OneDrive/Dokumenter/NetBeansProjects/Craver-P3--master/web/searchResults.jsp</file>
        </group>
    </open-files>
</project-private>
