<?xml version="1.0" encoding="UTF-8"?>
<project-private xmlns="http://www.netbeans.org/ns/project-private/1">
    <editor-bookmarks xmlns="http://www.netbeans.org/ns/editor-bookmarks/2" lastBookmarkId="0"/>
    <open-files xmlns="http://www.netbeans.org/ns/projectui-open-files/2">
        <group>
            <file>file:/D:/NetBeans/Github%20Projects/Craver-P3-/Crave_VIRKER/src/java/model/FoodCategoryDAO.java</file>
            <file>file:/D:/NetBeans/Github%20Projects/Craver-P3-/Crave_VIRKER/src/java/model/FoodItemDAO.java</file>
            <file>file:/D:/NetBeans/Github%20Projects/Craver-P3-/Crave_VIRKER/src/java/controller/SearchDishes.java</file>
            <file>file:/D:/NetBeans/Github%20Projects/Craver-P3-/Crave_VIRKER/src/java/model/FoodRating.java</file>
            <file>file:/D:/NetBeans/Github%20Projects/Craver-P3-/Crave_VIRKER/src/java/model/FoodCategory.java</file>
            <file>file:/D:/NetBeans/Github%20Projects/Craver-P3-/Crave_VIRKER/src/java/model/FoodItem.java</file>
            <file>file:/D:/NetBeans/Github%20Projects/Craver-P3-/Crave_VIRKER/src/java/dbHelpers/ReadQuery.java</file>
            <file>file:/D:/NetBeans/Github%20Projects/Craver-P3-/Crave_VIRKER/src/java/model/GuestUser.java</file>
        </group>
    </open-files>
</project-private>
